company_id,training_title,date,training_hours,number_of_participants
PWEI,Annual Safety Orientation & Risk Assessment Training,1/31/2025,8,25
PWEI,Occupational First Aid Training,3/31/2025,16,23
PWEI,BOSH Training,5/31/2025,40,2
PWEI,Fire Safety Seminar and Drill,5/31/2025,8,30
PWEI,Defensive Driving Seminar,5/31/2025,4,20
PSC,Fire Safety and Fire Fighting Training,12/31/2024,8,50
PSC,Fire Drill/Earthquake Drill,12/31/2024,2,54
PSC,First Aid Training,12/31/2024,16,16
PSC,BOSH Training,12/31/2024,40,4
PSC,Mandatory 8-Hour OSH Training,12/31/2024,8,54
PSC,ASPPI Convention,12/31/2024,16,1
PSC,SHAPES Conference,12/31/2024,16,1
PSC,Safety Program Auditing Training,12/31/2024,40,1
